subreddit,title,score,num_comments,id,url,created_utc,author
politics,Saturday Morning Political Cartoon Thread,25,59,1n43su4,https://www.reddit.com/r/politics/comments/1n43su4/saturday_morning_political_cartoon_thread/,2025-08-30 10:00:57,optimalg
politics,Netflix co-founder drops $2 million into Gavin Newsom's redistricting campaign,30207,537,1n4fe1w,https://www.politico.com/news/2025/08/29/netflix-ceo-2-million-gavin-newsom-redistricting-campaign-00536569,2025-08-30 18:11:50,underbillion
politics,"'No More Conspiracy Theories. Kennedy Must Resign,' Says Sanders Amid CDC Fallout",8809,135,1n4hnl9,https://www.commondreams.org/news/bernie-sanders-rfk-jr,2025-08-30 20:02:43,Silly-avocatoe
politics,Trump's distractions fail as Congress is set to return to new Epstein material,4351,69,1n4kfsv,https://www.msnbc.com/the-briefing-with-jen-psaki/watch/trump-s-distractions-fail-as-congress-is-set-to-return-to-new-epstein-material-246172229703,2025-08-30 22:26:57,TTVBy_The_Way
politics,Bernie Sanders demands that RFK Jr step down as health secretary,18311,216,1n4at9f,https://www.theguardian.com/us-news/2025/aug/30/bernie-sanders-rfk-jr-resign,2025-08-30 14:49:46,CupidStunt13
politics,Trump says he will order voter ID requirement for every vote,2833,683,1n4kgzb,https://www.reuters.com/world/us/trump-says-he-will-order-voter-id-requirement-every-vote-2025-08-31/,2025-08-30 22:28:49,freetrialinsider
politics,Rep. Maxine Waters calls for using the 25th Amendment to find out what’s ‘wrong’ with Donald Trump,8438,261,1n4cilz,https://www.foxnews.com/media/rep-maxine-waters-calls-using-25th-amendment-find-out-whats-wrong-donald-trump,2025-08-30 16:02:56,BlackMonk7
politics,Donald Trump's net approval rating falls to lowest point ever,1605,221,1n4mbku,https://www.newsweek.com/donald-trump-approval-rating-polls-newsweek-tracker-2120862,2025-08-31 00:13:15,wat_is_cs
politics,The Trump administration moves forward on plans to rename the Department of Defense as the Department of War,2779,488,1n4htq0,https://www.reuters.com/world/us/white-house-moves-forward-plans-department-war-wsj-reports-2025-08-30/,2025-08-30 20:11:03,IlustriousCoffee
politics,The Supreme Court Asks Why It Shouldn’t Gut the Voting Rights Act,2400,172,1n4i956,https://truthout.org/articles/the-supreme-court-asks-why-it-shouldnt-gut-the-voting-rights-act/,2025-08-30 20:32:31,Truthisnotallowed
politics,"Trump, 79, Goes Full Grumpy Old Man in Rant Over Scratched Rose Garden Stone",3553,279,1n4f0b9,https://www.thedailybeast.com/donald-trump-79-goes-full-grumpy-old-man-in-rant-over-scratched-rose-garden-stone/,2025-08-30 17:54:08,Aggravating_Money992
politics,Trump Heads Off Death Rumors by Finally Appearing in Public,11810,1609,1n46432,https://www.thedailybeast.com/donald-trump-heads-off-death-rumors-by-finally-appearing-in-public/,2025-08-30 11:35:51,Boonzies
politics,Chicago mayor to sign executive order directing city to resist Trump’s immigration raids,6284,207,1n48foc,https://www.theguardian.com/us-news/2025/aug/30/chicago-mayor-executive-order-trump-immigration-raids,2025-08-30 13:11:30,rewardingsnark
politics,"‘He’s trying to rig the midterms’: Trump intervenes to protect his allies in Congress - With elections next year, president is pushing extraordinary measures to ensure GOP maintains control of legislature",294,30,1n4r9ke,https://www.theguardian.com/us-news/2025/aug/31/trump-congress-midterm-elections,2025-08-31 05:26:06,Quirkie
politics,Newsom Trolls Trump Over Bruised Hands and Golfing Skills,209,39,1n4svh5,https://www.thedailybeast.com/newsom-trolls-trump-over-bruised-hands-and-golfing-skills/,2025-08-31 07:01:06,Quirkie
politics,"Obama warns ‘all Americans are at risk’ after Trump threatens to clamp down on Chicago - ‘The expanding use of our military on domestic soil puts the liberties of all Americans at risk,’ the former president said",5433,206,1n484r9,https://www.independent.co.uk/news/world/americas/us-politics/obama-trump-chicago-crime-crackdown-b2817090.html,2025-08-30 12:58:53,Quirkie
politics,Bernie Sanders endorses popular oyster farmer and ex Marine for U.S. Senate,169,23,1n4stub,https://www.independent.co.uk/news/world/americas/us-politics/bernie-sanders-graham-platner-oysters-senate-b2817190.html,2025-08-31 06:58:43,WingComplex6771
politics,MAGA Rep Caught in Epstein Firestorm at Chaotic Town Hall,2978,77,1n4anws,https://www.thedailybeast.com/maga-rep-dan-crenshaw-caught-in-epstein-firestorm-at-chaotic-town-hall/,2025-08-30 14:43:10,gradientz
politics,JB Pritzker Just Set Himself Apart From All Other Democrats,6451,654,1n44i2q,https://newrepublic.com/post/199800/jb-pritzker-trump-opposition-2028,2025-08-30 10:29:28,ChiGuy6124
politics,Trump admin cuts Minnesota shooting prevention funds weeks before school attack,153,11,1n4rsln,https://www.independent.co.uk/news/world/americas/us-politics/trump-administration-cut-shooting-prevention-minnesota-b2817112.html,2025-08-31 05:59:47,Jay_CD
PoliticalDiscussion,Casual Questions Thread,88,8304,1bwbuka,https://www.reddit.com/r/PoliticalDiscussion/comments/1bwbuka/casual_questions_thread/,2024-04-05 02:15:20,The_Egalitarian
PoliticalDiscussion,"[Moderator Announcement] New Mod Applications, Rule Clarifications, and Community Feedback",2,12,1msce9l,https://www.reddit.com/r/PoliticalDiscussion/comments/1msce9l/moderator_announcement_new_mod_applications_rule/,2025-08-16 19:12:54,The_Egalitarian
PoliticalDiscussion,"Why has it been so difficult for Democrats to get ""over the hump"" in North Carolina?",116,98,1n415bq,https://www.reddit.com/r/PoliticalDiscussion/comments/1n415bq/why_has_it_been_so_difficult_for_democrats_to_get/,2025-08-30 08:04:57,foxwilliam
PoliticalDiscussion,What do you think about Gavin Newsom's new social media campaign mocking Trump's posting style?,660,451,1n3h9ca,https://www.reddit.com/r/PoliticalDiscussion/comments/1n3h9ca/what_do_you_think_about_gavin_newsoms_new_social/,2025-08-29 14:45:54,AmigoDelDiabla
PoliticalDiscussion,Does the US constitution need to be amended to ensure no future president can get this far or further into a dictatorship again or is the problem potus and congress are breaking existing laws?,369,235,1n3f9s1,https://www.reddit.com/r/PoliticalDiscussion/comments/1n3f9s1/does_the_us_constitution_need_to_be_amended_to/,2025-08-29 13:28:34,Terrible_Patience935
PoliticalDiscussion,"If JD Vance is the Republican nominee in 2028 and loses the election, will he certify his own loss?",562,213,1n2l8ia,https://www.reddit.com/r/PoliticalDiscussion/comments/1n2l8ia/if_jd_vance_is_the_republican_nominee_in_2028_and/,2025-08-28 14:08:25,MapleLeafsHockey_75
PoliticalDiscussion,Is it possible for US to collapse like into parts like 1991 USSR?,69,192,1n2ycte,https://www.reddit.com/r/PoliticalDiscussion/comments/1n2ycte/is_it_possible_for_us_to_collapse_like_into_parts/,2025-08-28 23:51:58,808DaScott
PoliticalDiscussion,Is there any scenario where the U.S. military would intervene in politics if there is a real threat to the Constitution?,243,306,1n1u079,https://www.reddit.com/r/PoliticalDiscussion/comments/1n1u079/is_there_any_scenario_where_the_us_military_would/,2025-08-27 16:39:14,CloudDancingJack
PoliticalDiscussion,Why should a sitting President be held to the same legal standard as a civilian when it comes to lying or spreading misinformation?,0,30,1n37xll,https://www.reddit.com/r/PoliticalDiscussion/comments/1n37xll/why_should_a_sitting_president_be_held_to_the/,2025-08-29 08:48:08,SweatyConstruction91
PoliticalDiscussion,"Trump said today: “I have the right to do anything I want to do. I’m the president of the United States”. People from the US, what are your thoughts on this?",402,333,1n1apvl,https://www.reddit.com/r/PoliticalDiscussion/comments/1n1apvl/trump_said_today_i_have_the_right_to_do_anything/,2025-08-27 02:40:59,joshsin6193
PoliticalDiscussion,"In 1795, Chief Justice Jay resigned to serve as Governor of New York. In 1832, Vice President Calhoun resigned to serve in the Senate. Could such a thing happen today? Is there any scenario where a prominent politician could resign to serve a ""lesser"" role, or has politics become too nationalized?",48,25,1n16f29,https://www.reddit.com/r/PoliticalDiscussion/comments/1n16f29/in_1795_chief_justice_jay_resigned_to_serve_as/,2025-08-26 22:25:46,WavesAndSaves
PoliticalDiscussion,"If allegations of mortgage fraud are cause for removal of Fed Governor Lisa Cook, would 34 felony counts of fraud be cause for removal of Trump?",391,60,1n09ltj,https://www.reddit.com/r/PoliticalDiscussion/comments/1n09ltj/if_allegations_of_mortgage_fraud_are_cause_for/,2025-08-25 21:03:26,the_buddhaverse
PoliticalDiscussion,Will the shooting at the Annunciation Catholic School in Minneapolis embolden Democrats to make gun control an issue in the 2026 midterms?,0,35,1n1l2p6,https://www.reddit.com/r/PoliticalDiscussion/comments/1n1l2p6/will_the_shooting_at_the_annunciation_catholic/,2025-08-27 11:02:36,vahedemirjian
PoliticalDiscussion,"Trump has said the DOJ will be filing a lawsuit against California's redistricting effort. With a Republican majority on the Supreme Court, can this lawsuit actually prevent California from doing what Texas is doing, giving the Republicans a House advantage?",1287,267,1mzv1a2,https://www.reddit.com/r/PoliticalDiscussion/comments/1mzv1a2/trump_has_said_the_doj_will_be_filing_a_lawsuit/,2025-08-25 11:20:51,Orangekale
PoliticalDiscussion,Should potential 2028 Democratic hopeful make campaign promises to recognize a Palestinian state?,0,256,1n0wgiu,https://www.reddit.com/r/PoliticalDiscussion/comments/1n0wgiu/should_potential_2028_democratic_hopeful_make/,2025-08-26 15:10:51,vahedemirjian
PoliticalDiscussion,Is the rise of authoritarianism a systemic response to crises within liberal capitalism?,57,115,1mzn0u5,https://www.reddit.com/r/PoliticalDiscussion/comments/1mzn0u5/is_the_rise_of_authoritarianism_a_systemic/,2025-08-25 05:40:42,Elegant-Astronaut636
PoliticalDiscussion,What is the tone for the DNC and the RNC primary's going to be like?,94,161,1mz6m1w,https://www.reddit.com/r/PoliticalDiscussion/comments/1mz6m1w/what_is_the_tone_for_the_dnc_and_the_rnc_primarys/,2025-08-24 15:31:32,Front-Tomorrow-1034
PoliticalDiscussion,Can the Brownfield Problem Be Solved? What Are the Main Obstacles?,33,62,1myv6j9,https://www.reddit.com/r/PoliticalDiscussion/comments/1myv6j9/can_the_brownfield_problem_be_solved_what_are_the/,2025-08-24 08:10:21,ZanzerFineSuits
PoliticalDiscussion,How can U.S. voters influence the situation in Gaza?,0,83,1mzt9qg,https://www.reddit.com/r/PoliticalDiscussion/comments/1mzt9qg/how_can_us_voters_influence_the_situation_in_gaza/,2025-08-25 10:16:15,Mission-Oven3811
PoliticalDiscussion,Who is America's best governor?,137,251,1mxwbnt,https://www.reddit.com/r/PoliticalDiscussion/comments/1mxwbnt/who_is_americas_best_governor/,2025-08-23 03:50:47,Blurpings
worldnews,"/r/WorldNews Live Thread: Russian Invasion of Ukraine Day 1284, Part 1 (Thread #1431)",339,36,1n4l34q,https://www.reddit.com/live/18hnzysb1elcs,2025-08-30 23:02:47,WorldNewsMods
worldnews,"Russia’s 2025 Summer Offensive Ends in Heavy Losses, No Victories, Ukraine Says",2050,128,1n4qqg1,https://united24media.com/latest-news/russias-2025-summer-offensive-ends-in-heavy-losses-no-victories-ukraine-says-11239,2025-08-31 04:53:09,jackytheblade
worldnews,Central banks now hold more gold than US Treasuries for the first time in 30 years,2969,115,1n4lbfz,https://www.financialexpress.com/market/gold-pulse/central-banks-now-hold-more-gold-than-us-treasuries-for-the-first-time-in-30-years/3962153/,2025-08-30 23:15:32,jupa300
worldnews,Argentina: Milei government panics after fresh leak of Karina audio,3588,123,1n4jkim,https://batimes.com.ar/news/argentina/milei-government-panics-after-fresh-leak-of-karina-audio.phtml,2025-08-30 21:40:19,Chipre666
worldnews,Company behind Jack Daniel's says Canadian boycott is 'significant' as sales drop 62%,16395,795,1n4amb2,https://www.cbc.ca/news/canada/nova-scotia/brown-forman-jack-daniels-quarterly-sales-american-alcohol-boycott-canada-1.7619950,2025-08-30 14:41:15,Street_Anon
worldnews,Australian ban on fish-shaped plastic soy sauce dispensers a world first,2632,357,1n4jrxs,https://www.theguardian.com/australia-news/2025/aug/31/south-australia-bans-soy-sauce-fish-packets-in-world-first-to-cut-single-use-plastics,2025-08-30 21:51:26,AllicinCarbonUV
worldnews,Hamas confirms death of its military leader Mohammed Sinwar,5048,271,1n4f483,https://www.reuters.com/world/middle-east/hamas-confirms-death-its-military-leader-mohammed-sinwar-2025-08-30/,2025-08-30 17:59:20,sartiandrea
worldnews,"Trump asked Modi for Nobel backing, his no brought 50% tariffs",38657,1338,1n457kx,https://www.financialexpress.com/business/modi-snubbed-trumps-noble-demand-during-phone-call-fallout-soured-ties-3962228/lite/,2025-08-30 10:59:04,DependentAthlete9060
worldnews,Zelenskyy: MP Parubii's murder was carefully planned,2200,30,1n4ghfz,https://www.pravda.com.ua/eng/news/2025/08/30/7528577/,2025-08-30 19:04:46,Ecstatic-Medium-6320
worldnews,"US nudging Europe to follow its lead, impose punitive tariffs on India",460,105,1n4p6on,https://www.indiatoday.in/india/story/white-house-has-asked-europe-to-tariff-india-like-us-over-russian-oil-imports-say-sources-2779372-2025-08-30,2025-08-31 03:11:27,1600116969
worldnews,"Aid flotilla with Greta Thunberg set to sail for Gaza to ‘break illegal siege’: Unspecified number of vessels due to depart Barcelona on Sunday, with dozens more expected to leave other Mediterranean ports on 4 September",749,548,1n4lyl2,https://www.theguardian.com/environment/2025/aug/31/aid-flotilla-with-greta-thunberg-set-to-sail-for-gaza-to-break-siege,2025-08-30 23:52:16,DoremusJessup
worldnews,China's Xi and India's Modi vow to resolve border differences at meeting in Tianjin,227,29,1n4qqoa,https://apnews.com/article/china-india-modi-tianjin-shanghai-cooperation-organization-6357f66ef17a8e7cd1b6adb5afbb71c8,2025-08-31 04:53:37,august_senpai
worldnews,Anti-immigration rallies held across Australia as clashes break out in Adelaide and Melbourne,279,73,1n4pkv4,https://www.abc.net.au/news/2025-08-31/clashes-at-march-for-australia-anti-immigration-rallies/105717532,2025-08-31 03:37:36,superegz
worldnews,'We are already in conflict with Russia' — Merz says Putin destabilizing Germany,14414,356,1n3zsf4,https://kyivindependent.com/we-are-already-in-conflict-with-russia-german-chancellor/,2025-08-30 06:58:14,BreakfastTop6899
worldnews,British Type 26 Frigate wins Norwegian frigate competition,166,22,1n4r9t1,https://ukdefencejournal.org.uk/british-type-26-frigate-wins-norwegian-frigate-competition/,2025-08-31 05:26:33,THE_KING95
worldnews,Hamas spokesman Abu Obeida said targeted and 'likely killed' in IDF strike on Gaza,810,102,1n4hkk2,https://www.timesofisrael.com/infamous-hamas-spokesman-abu-obeida-said-targeted-and-likely-killed-in-idf-strike-on-gaza/,2025-08-30 19:58:41,sartiandrea
worldnews,"India, China agree to restart direct flights as ties improve at SCO Summit",258,13,1n4o5r3,https://www.hindustantimes.com/business/india-china-agree-to-restart-direct-flights-as-ties-improve-at-sco-summit-101756623429443.html,2025-08-31 02:05:35,Sasikuttan2163
worldnews,Trump 'no longer has plans' to visit India for Quad Summit: NYT report,3868,295,1n44nj9,https://www.newindianexpress.com/nation/2025/Aug/30/trump-no-longer-has-plans-to-visit-india-for-quad-summit-nyt-report,2025-08-30 10:35:47,Top-Flatworm8201
worldnews,Zelensky Slams Russia’s ‘Absolute Disregard for Words’ After 2 Mass Missile Attacks,1062,12,1n4e7hx,https://www.kyivpost.com/post/59171,2025-08-30 17:16:54,jackytheblade
worldnews,Taliban launch crackdown on Afghanistan’s secret beauty salons,273,49,1n4mk6c,https://www.theguardian.com/global-development/2025/aug/30/taliban-crackdown-afghanistan-secret-beauty-salons-women-gender-apartheid,2025-08-31 00:27:30,PrithvinathReddy
